Acné, ACN
Adicción, ADI
Alergia, ALE
Ansiedad, ANS
Artritis reumatoide, AR
Asma, ASM
Ataque al corazón, AC
Autismo, AUT
Cáncer, CAN
Cáncer de mama, CM
Cáncer de colon, CC
Cáncer de próstata, CP
Cáncer de pulmón, CPl
Cefalea, CEF
Colesterol alto, CA
Depresión, DEP
Diabetes mellitus, DM
Enfermedad cardiovascular, ECV
Enfermedad de Alzheimer, EA
Enfermedad de Crohn, EC
Enfermedad pulmonar obstructiva crónica, EPOC
Epilepsia, EPI
Esclerosis múltiple, EM
Fibromialgia, FM
Gripe, GR
Hemofilia, HEM
Hepatitis, HEP
Herpes, HER
Hipertensión arterial, HTA
Hipotiroidismo, HTI
Infección del tracto urinario, ITU
Insuficiencia cardíaca, IC
Intolerancia a la lactosa, IL
Lupus, LUP
Migraña, MIG
Neumonía, NEU
Obesidad, OB
Osteoartritis, OA
Parkinson, PAR
Sida, SIDA
Síndrome de Down, SD
Síndrome de fatiga crónica, SFC
Síndrome de ovario poliquístico, SOP
Síndrome del intestino irritable, SII
Trastorno bipolar, TB
Trastorno de ansiedad generalizada, TAG
Trastorno de déficit de atención e hiperactividad, TDAH
Trastorno obsesivo-compulsivo, TOC
Urticaria, URI
Accidente cerebrovascular, ACV
Afección de la tiroides, AT
Afección hepática, AH
Afección renal, AR
Anemia, ANE
Angina de pecho, AP
Ansiedad generalizada, AG
Artritis, ART
Asbestosis, ASB
Aspergilosis, ASP
Asperger, ASPG
Asistencia médica, AM
Autointoxicación, ATX
Bronquitis, BRQ
Cáncer de cuello uterino, CCU
Cáncer de hígado, CH
Cáncer de piel, CP
Cáncer de tiroides, CT
Cáncer de vejiga, CV
Cáncer pancreático, CPA
Cardiopatía, CP
Cataratas, CAT
Cirrosis, CIR
Cistitis, CST
Colitis, COL
Conjuntivitis, CON
Demencia senil, DS
Depresión clínica, DC
Dermatitis, DER
Deshidratación, DES
Diabetes tipo 1, DT1
Diabetes tipo 2, DT2
Dispepsia, DIS
Diverticulitis, DIV
Dolor de cabeza, DHC
Dolor de cuello, DCU
Dolor de espalda, DEE
Dolor de estómago, DES
Dolor de oído, DO
Dolor de pecho, DCP
Dolor en las piernas, DLP
Enfermedad cardíaca congénita, ECC
Enfermedad celíaca, EC
Enfermedad de Crohn, ED
Enfermedad de las encías, EDE
Enfermedad inflamatoria del intestino, EII
Enfermedad pulmonar intersticial, EPI
Enfermedades de transmisión sexual, ETS
Escoliosis, ESC
Esquizofrenia, ESQ
Faringitis, FAR
Fibrosis pulmonar, FP
Gastroenteritis, GTR
Glaucoma, GL
Gonorrea, GON
Gota, GOT
Hemiplejia, HEM
Hemorragia cerebral, HEC
Hernia, HER
Herpes genital, HG
Hipertiroidismo, HTT
Hipertrigliceridemia, HTG
Hipoglucemia, HGL
Infección de las encías, IEE
Infección por hongos, IH
Insomnio, INS
Leucemia, LEC
Leucopenia, LEU
Lumbalgia, LBA
Lupus eritematoso sistémico, LES
Mastitis, MAS
Meningitis, MEN
Miastenia gravis, MG
Mieloma múltiple, MM
Migración, MIGR
Neuralgia, NEU
Neumonitis, NEM
Otitis, OT
Ovario poliquístico, OP
Pancreatitis, PNC
Parkinson, PK
Pie diabético, PD
Polio, POL
Polineuropatía, PNP
Quemaduras, QUE
Rabdomiólisis, RAB
Rinitis alérgica, RA
Sarampión, SAR
Sepsis, SEP
Sinusitis, SIN
Síndrome de abstinencia, SA
Síndrome de Down, SD
Síndrome de fatiga crónica, SFC
Síndrome de Guillain-Barré, SGB
Síndrome de la apnea del sueño, SAS
Síndrome de Turner, ST
Síndrome del túnel carpiano, STC
Síndrome nefrótico, SN
Síndrome premenstrual, SPM
Síndrome respiratorio agudo severo, SRAS
Síndrome urémico hemolítico, SUH
Sinusitis maxilar, SM
Taquicardia, TAQ
Tendinitis, TND
Tétanos, TET
Tirotoxicosis, TTX
Trastorno bipolar, TB
Trastorno de ansiedad social, TAS
Trastorno de la alimentación, TAL
Trastorno de la conducta alimentaria, TCA
Trastorno de pánico, TP
Trastorno dismórfico corporal, TDC
Trastorno obsesivo-compulsivo, TOC
Trastornos de la conducta alimentaria, TCA
Trastornos de la personalidad, TDP
Trastornos de la tiroides, TDT
Trombosis venosa profunda, TVP
Tuberculosis, TB
Úlcera péptica, UP
Urticaria, URI
Vaginitis, VAG
Varicela, VAR
Vasculitis, VAS
Vértigo, VER
VIH/SIDA, VIH
Virus del papiloma humano, VPH
Zika, ZIK
Adenoma, ADM
Adenopatía, ADP
Alergia, ALE
Alopecia, ALO
Amigdalitis, AMI
Amiloidosis, AMILO
Amnesia, AMN
Anafilaxia, ANAF
Anemia falciforme, AF
Aneurisma, ANEURI
Angioedema, ANG
Anorexia nerviosa, AN
Apendicitis, APEN
Aplasia medular, APL
Arritmia, ARR
Arteriosclerosis, ARTERI
Artritis reumatoide, ARTR
Asma, ASM
Ataxia, ATXIA
Aterosclerosis, ATERO
Autismo, AUT
Balanitis, BALAN
Bocio, BOC
Bronquiectasia, BRONQUIE
Bulimia nerviosa, BN
Cáncer de colon, CCOL
Cáncer de mama, CMA
Cáncer de ovario, COV
Cáncer de páncreas, CPAN
Cáncer de próstata, CP
Cáncer de pulmón, CPUL
Cáncer de riñón, CRI
Cáncer de tiroides, CT
Cáncer de útero, CU
Cefalea, CEFA
Cistitis, CIST
Coagulopatía, COAG
Colangitis, COLA
Colelitiasis, COLE
Colitis, COLI
Conjuntivitis, CONJ
Cólera, COL
Convulsiones, CONV
Cor pulmonale, COR
Cushing, CUS
Cálculos biliares, CAB
Cálculos renales, CAR
Dermatitis, DER
Desnutrición, DESN
Diabetes insípida, DI
Diabetes mellitus, DM
Diarrea, DIAR
Discapacidad intelectual, DI
Disfagia, DISF
Disfunción eréctil, DEF
Dislipidemia, DLP
Disnea, DISN
Dispepsia, DISP
Diverticulitis, DIV
Dolor abdominal, DAB
Dolor cervical, DC
Dolor de cabeza, DCH
Dolor de espalda, DE
Dolor de estómago, DES
Dolor de garganta, DG
Dolor de muelas, DDM
Dolor lumbar, DL
Dolor menstrual, DMEN
Dolor neuropático, DN
Dolor orofacial, DOF
Dolor pélvico, DP
Dolor torácico, DT
Dolor vaginal, DV
Dolor vertebral, DV
Drogadicción, DROG
Drogodependencia, DROG
Drogas de abuso, DABU
Eccema, ECC
Eclampsia, ECL
Ectasia ductal, ECT
Ectopía, ECTO
Edema, EDE
Esofagitis, ESO
Espondilitis anquilosante, ESA
Estenosis aórtica, ESTAO
Estenosis de la carótida, ESTC
Estenosis del esófago, ESTE
Estenosis mitral, ESTM
Estenosis pilórica, ESTP
Estenosis pulmonar, ESTPUL
Estenosis uretral, ESTU
Estrabismo, EST
Faringitis, FARI
Fascitis, FAS
Fibrosis quística, FIBR
Fiebre, FIEB
Fiebre reumática, FIR
Fibromialgia, FM
Fluorosis, FLUO
Fractura, FRA
Gastritis, GAS
Glaucoma, GLA
Glositis, GLO
Gonorrea, GON
Gota, GOT
Hemangioma, HEM
Hematomas, HEMAT
Hemofilia, HEMO
Hemorragia, HEMOR
Acidosis, ACID
Acné, ACN
Adenoma, ADEN
Aftas, AFT
Agnosia, AGN
Alergia, ALE
Alergia alimentaria, ALALI
Alergia cutánea, ALEC
Alergia ocular, ALEO
Alimentación parenteral, ALIP
Alopecia, ALOP
Amigdalitis, AMI
Amnesia, AMN
Anemia, ANE
Aneurisma, ANEU
Angina, ANGI
Anorexia, ANO
Anosmia, ANOS
Ansiedad, ANS
Anuria, ANUR
Apendicitis, APEN
Apnea del sueño, APN
Apoplejía, APO
Arteritis, ART
Artritis, ART
Asma, ASM
Aspergilosis, ASP
Ataxia, ATX
Aterosclerosis, ATER
Atrofia, ATR
Autismo, AUT
Bocio, BOC
Bradicardia, BRADI
Bronquitis, BRONQ
Bulimia, BUL
Bursitis, BUR
Cáncer de colon, CC
Cáncer de estómago, CE
Cáncer de hígado, CHI
Cáncer de mama, CM
Cáncer de ovario, COV
Cáncer de piel, CPIEL
Cáncer de vejiga, CVEJ
Candidiasis, CAN
Cataratas, CAT
Celulitis, CELU
Cirrosis, CIR
Claudicación intermitente, CLIN
Colangitis esclerosante primaria, CEP
Colesterol alto, COA
Colitis ulcerosa, COLU
Condromalacia rotuliana, CONR
Conjuntivitis alérgica, CONJA
Contusión, CONT
Cólicos menstruales, COMEN
Contractura, CONT
Corazón dilatado, CODIL
Corte, COR
Crisis asmática, CRAS
Crisis convulsiva, CRCO
Crohn, CRO
Cálculos en la vesícula biliar, CAVB
Cálculos en los riñones, CALR
Cáncer de esófago, CESO
Cáncer de pulmón de células no pequeñas, CPNP
Cáncer de pulmón de células pequeñas, CPP
Cáncer de tiroides papilar, CTPAP
Cáncer de tiroides folicular, CTFOL
Cáncer de tiroides medular, CTMED
Cáncer de tiroides anaplásico, CTANA
Cáncer de tiroides de células de Hürthle, CTHUR
Cáncer de vejiga no músculo invasivo, CVNMI
Cáncer de vejiga músculo invasivo, CVMI
Depresión, DEP
Dermatitis, DER
Dermatitis atópica, DERA
Dermatitis de contacto, DERCO
Dermatitis seborreica, DERS
Deshidratación, DESH
Desnutrición, DESN
Desprendimiento de retina, DESR
Diabetes, DIA
Diabetes gestacional, DIAG
Diabetes insípida, DIAI
Diabetes tipo 1, DIA1
Diabetes tipo 2, DIA2
Diarrea, DIAR
Difteria, DIF
Disautonomía, DISAU
Discapacidad intelectual, DISI
Disfagia, DISF
Disfunción eréctil, DISER
Dislocación, DISL
Dislexia, DISLE
Disnea, DISN
Displasia, DISP
Displasia de cadera, DISCA
Displasia de codo, DISCO
Displasia de rodilla, DISRO
Displasia ectodérmica, DISEC
Displasia esquelética, DISES
Displasia fibrosa, DISFIB
Displasia renal, DISRE
Displasia septo-óptica, DISSO
Displasia tanatofórica, DISTA
Displasia ventricular derecha arritmogénica, DIVD
Diverticulitis, DIV
Diverticulosis, DIVL
Dolor abdominal, DOAB
Dolor de cabeza, DOCA
Dolor de espalda, DOES
Dolor de garganta, DOGA
Dolor de muelas, DOMU
Dolor de oído, DOOI
Dolor menstrual, DOMEN
Dolor torácico, DOT
Dolor lumbar, DOLU
Dolores musculares, DOMU
Draconiasis, DRAC
Drepanocitosis, DREP
Drogadicción, DROG
Eclampsia, ECL
Ectasia, ECTA
Ectasia corneal, ECTC
Ectasia pilar, ECTP
Ectasia renal, ECTR
Ectima contagioso, ECTI
Ectopia renal, ECTRE
Eczema, ECZ
Edema, EDE
Edema cerebral, EDEC
Edema pulmonar, EDEP
Ego disminuido, EGOD
Embarazo ectópico, EMBE
Embarazo gemelar, EMBG
Embarazo molar, EMBM
Embarazo psicológico, EMBP
Embarazo prolongado, EMBR
Embolia, EMB
Embolia de líquido amniótico, EMBA
Embolia gaseosa, EMBO
Enanismo, ENA
Encefalitis, ENCE
Encefalomielitis, ENCEM
Encefalopatía, ENCEF
Encefalopatía hipóxica isquémica, ENCHI
Encefalopatía tóxica, ENCTO
Encefalopatía traumática, ENCTRA
Encefalopatía urémica, ENCUR
Encefalopatía hepática, ENHEP
Enfermedad de Addison, ENFAD
Enfermedad de Alzheimer, ENFALZ
Enfermedad de Behçet, ENFBEH
Enfermedad de Crohn, ENFC
Enfermedad de Dupuytren, ENFD
Enfermedad de Fabry, ENFFAB
Enfermedad de Gaucher, ENFGAU
Enfermedad de Graves, ENFGR
Enfermedad de Hansen, ENFHAN
Enfermedad de Hartnup, ENFHAR
Enfermedad de Hirschsprung, ENFHIR
Enfermedad de Huntington, ENFHUN
Enfermedad de Kawasaki, ENFKA
Enfermedad de Kienböck, ENFKI
Enfermedad de Krabbe, ENFKRA
Enfermedad de Lyme, ENFLY
Enfermedad de Ménière, ENFME
Enfermedad de Niemann-Pick, ENFNIE
Enfermedad de Paget, ENFPAG
Enfermedad de Parkinson, ENFPAR
Enfermedad de Peyronie, ENFPEY
Enfermedad de Pick, ENFPIC
Enfermedad de Raynaud, ENFRAY
Enfermedad de Rendu-Osler-Weber, ENFROW
Enfermedad de Scheuermann, ENFSCH
Enfermedad de Tay-Sachs, ENFTAY
Enfermedad de Von Willebrand, ENFVW
Enfermedad de Whipple, ENFWHI
Enfermedad diverticular, ENFDIV
Enfermedad inflamatoria intestinal, ENFI
Enfermedad renal crónica, ENFREC
Enfermedad respiratoria, ENFR
Enfermedades cardiovasculares, ENFCV
Enfermedades hepáticas, ENFHEP
Enfermedades inflamatorias, ENFINF
Enfermedades neurológicas, ENFNEU
Enfermedades psicológicas, ENFPSI
Enterocolitis, ENTCOL
Enuresis, ENUR
Epicondilitis, EPICO
Epilepsia, EPI
Epistaxis, EPIST
Eritema, ERI
Eritema multiforme, ERIMU
Eritema nodoso, ERINO
Escleritis, ESCL
Esclerodermia, ESCLE
Escoliosis, ESCO
Esfuerzo físico, ESFU
Esófago de Barrett, ESBAR
Espasmo muscular, ESPMU
Espasmo del sollozo, ESPSO
Espina bífida, ESPBIF
Espondilitis anquilosante, ESPANQ
Estenosis, EST
Estenosis aórtica, ESTAO
Estenosis de canal lumbar, ESTCL
Estenosis de la válvula pulmonar, ESTVP
Estenosis mitral, ESTMI
Estenosis pilórica, ESTPI
Estrabismo, ESTR
Estrongiloidiasis, ESTRO
Eupnea, EUPN
Exoftalmos, EXOF
Exostosis, EXOS
Fascitis plantar, FASPLA
Fascitis eosinofílica, FASEOS
Fascitis necrotizante, FASN
Fecaloma, FECAL
Fenilcetonuria, FENIL
Fibrosis, FIBR
Fibrosis quística, FIBRQ
Fibromialgia, FIBRO
Fibrosis pulmonar, FIBRP
Fiebre amarilla, FIEAMA
Fiebre del Nilo Occidental, FIEOCC
Fiebre del valle del Rift, FIEVDR
Fiebre escarlata, FIESCA
Fiebre hemorrágica argentina, FIEHAR
Fiebre hemorrágica boliviana, FIEHBO
Fiebre hemorrágica de Crimea-Congo, FIEHCR
Fiebre hemorrágica de Marburg, FIEHMA
Fiebre hemorrágica de Omsk, FIEHOM
Fiebre hemorrágica de Sabia, FIEHSB
Fiebre hemorrágica de los Arenavirus, FIEHAR
Fiebre hemorrágica de los Bunyavirus, FIEHBU
Fiebre hemorrágica de los Filovirus, FIEHFI
Fiebre hemorrágica de los Flavivirus, FIEHFL
Fiebre hemorrágica del Ébola, FIEEB
Fiebre Q, FIEQ
Fiebre tifoidea, FIEOTI
Filariasis, FILA
Flebitis, FLEB
Fluorosis, FLUOR
Fonación, FON
Fotofobia, FOTOF
Fractura, FRAC
Fractura de cadera, FRACHA
Fractura de clavícula, FRACL
Fractura de codo, FRACO
Fractura de fémur, FRAFE
Fractura de húmero, FRACHU
Fractura de mandíbula, FRAMA
Fractura de muñeca, FRAMU
Fractura de pelvis, FRACPE
Fractura de pie, FRAPIE
Fractura de pierna, FRAPIE
Fractura de radio, FRARA
Fractura de tibia, FRATI
Fractura expuesta, FRACE
Fractura nasal, FRAN
Furúnculo, FURU
Ganglio linfático inflamado, GANLI
Gastritis, GAST
Gastroenteritis, GASENT
Gastroenterocolitis, GASENTCOL
Gastroesofágico, GASESO
Gastroenteropatía, GASENOPA
Gastrostomía, GASTRO
Genitourinario, GENIT
Giardiasis, GIAR
Gingivitis, GINGI
Glaucoma, GLAU
Glomerulonefritis, GLOMNEF
Glositis, GLOS
Gonorrea, GONO
Gota, GOTA
Graves enfermedad, GRAV
H1N1, H1N1
Halitosis, HALI
Hemangioma, HEMA
Hematoma, HEMT
Hematopoyesis, HEMPOY
Hematuria, HEMTU
Hemocromatosis, HEMOCRO
Hemofilia, HEMO
Hemoptisis, HEMOP
Hemorragia, HEMOR
Hemorragia cerebral, HEMOCE
Hemorragia digestiva, HEMODIG
Hemorragia subaracnoidea, HEMOSUB
Hemorroides, HEMORR
Hepatitis, HEPAT
Hepatitis A, HEPATA
Hepatitis B, HEPATB
Hepatitis C, HEPATC
Hernia, HERN
Hernia discal, HERNDI
Hernia hiatal, HERNHIA
Hernia umbilical, HERNUMB
Herpes, HERP
Herpes genital, HERPG
Herpes labial, HERPL
Hidrocefalia, HIDRO
Hidrofobia, HIDROFOB
Hidronefrosis, HIDRON
Hidropesía, HIDROP
Hidrosadenitis, HIDROSAD
Hidrotórax, HIDROT
Hipercalcemia, HIPERCAL
Hipercapnia, HIPERCA
Hipercolesterolemia, HIPERCOLE
Hipercortisolismo, HIPERCORT
Hiperemesis gravídica, HIPERGRA
Hiperhidrosis, HIPERHIDR
Hiperinsulinemia, HIPERINSU
Hiperlipidemia, HIPERLIP
Hiperplasia, HIPERPLA
Hipertensión arterial, HTA
Hipertiroidismo, HIPERTI
Hipertrigliceridemia, HIPERTRI
Hipocalcemia, HIPOCAL
Hipocapnia, HIPOCA
Hipoglicemia, HIPOGLI
Hipoparatiroidismo, HIPOP
Hipotensión arterial, HIPO
Hipotiroidismo, HIPO
Histoplasmosis, HISTO
Histiocitosis, HISTIO
Histoplasmosis, HISTO
Hombro congelado, HOMCON
Hongo en las uñas, HONUN
Hongo en la piel, HONPI
Hongo en la cabeza, HONCA
Hormona del crecimiento, HORM
Hormona estimulante del tiroides, HOREST
Hueso roto, HUERO
Huevo de pascua, HUEPAS
Hueso del talón, HUETAL
Hueso de la cadera, HUECAD
Hueso de la muñeca, HUEMU
Hueso del brazo, HUEBRA
Hueso de la mano, HUEMA
Hueso de la rodilla, HUEROD
Hueso de la columna vertebral, HUECOL
Hueso de la caja torácica, HUECAJ
Hueso del cráneo, HUECRA
Hueso del pie, HUEPIE
Hueso de la pelvis, HUEPEL
Hueso de la pierna, HUEPIE
Hueso de la clavícula, HUECLA
Hueso de la mandíbula, HUEMAN
Hueso del fémur, HUEFEM
Hueso del húmero, HUEHUM
Hueso del codo, HUECOD
Hueso del tobillo, HUETO
Ictericia, ICTER
Ileítis, ILEI
Impétigo, IMPETI
Incontinencia urinaria, INCONU
Indigestión, INDIG
Infarto, INFA
Infarto agudo de miocardio, INFAAG
Infección urinaria, INFEU
Infección de las vías respiratorias, INFVR
Infección de oído, INFEOD
Infección de garganta, INFEGA
Infección en los ojos, INFELO
Infección de piel, INFEP
Infección por hongos, INFEHO
Insomnio, INSO
Insuficiencia cardíaca, INSU
Insuficiencia renal, INSURE
Intoxicación alimentaria, INTOXI
Intoxicación por monóxido de carbono, INTOMO
Intolerancia a la lactosa, INTOLA
Isquemia, ISQUE
Juvenil diabetes, JUVDIA
La disfunción eréctil, DISE
La enfermedad de Addison, ADDIS
La enfermedad de Alzheimer, ALZHEI
La enfermedad de Crohn, CROHN
La enfermedad de Cushing, CUSHIN
La enfermedad de Graves, GRAV
La enfermedad de Huntington, HUNT
La enfermedad de Lyme, LYME
La enfermedad de Meniere, MENIERE
La enfermedad de Paget, PAGET
La enfermedad de Parkinson, PARKI
La enfermedad del beso, BESO
La enfermedad de Raynaud, RAYNAU
La enfermedad de Wilson, WILSON
La fiebre del heno, HENO
La fiebre del valle, VALLE
La hipertensión pulmonar, HIPERPUL
La osteoporosis, OSTEO
Lactancia materna, LACTA
Laringitis, LARIN
Lepra, LEPRA
Leptospirosis, LEPTO
Leucemia, LEUCE
Leucoplasia, LEUCO
Línea del cuello, LINCUE
Línea del cabello, LINCA
Lipoma, LIPOMA
Listeriosis, LISTER
Litiasis renal, LITIARE
Lobulillo de la oreja, LOBOREJ
miastenia, MIA
meningitis, MEN
miopía, MIO
mononucleosis, MON
migraña, MIG
malaria, MAL
menopausia, MENOP
melancolía, MEL
neuralgia, NEUR
neumonía, NEUM
neumotórax, NEUMOT
nefritis, NEF
nefrosis, NEFR
narcolepsia, NARCO
nutrición parenteral, NUTRI
obesidad, OBES
osteomielitis, OSTEO
osteoartritis, OSTEART
otitis, OTI
ojo seco, OJOS
pancreatitis, PAN
psoriasis, PSOR
preeclampsia, PREE
profilaxis, PRO
parálisis cerebral, PC
pérdida de peso, PP
pie diabético, PD
presbicia, PRESB
quimioterapia, QUI
rinitis, RIN
rabia, RAB
reflujo gastroesofágico, REFGAS
retinopatía, RETI
rosácea, ROSA
rubeola, RUBEO
ruptura uterina, RUPTU
síndrome de Down, SD
síndrome de fatiga crónica, SFC
síndrome de Guillain-Barré, SGB
síndrome de inmunodeficiencia adquirida, SIDA
síndrome de intestino irritable, SII
síndrome de Klinefelter, SK
síndrome de ovario poliquístico, SOP
síndrome de Raynaud, SR
síndrome de Tourette, ST
síndrome nefrótico, SN
shock anafiláctico, SHAN
tuberculosis, TB
tétanos, TET
taquicardia, TAQ
trastorno bipolar, TB
trastorno de ansiedad generalizada, TAG
trastorno obsesivo-compulsivo, TOC
trastorno por déficit de atención e hiperactividad, TDAH
úlcera, ULC
urticaria, URTI
uveítis, UVE
varicela, VAR
varices, VARIC
virus del papiloma humano, VPH
vaginitis, VAG
zika, ZIK
abdômen, Abd
tipo sanguíneo ABO, ABO
acesso ao cuidado e continuidade do cuidado, ACC
a critério médico, ACM
hormônio adrenocorticotrófico, ACTH
síndrome da imunodeficiência adquirida, AIDS/HIV
átrio direito, AD
átrio esquerdo, AE
autorização de internação hospitalar, AIH
ampola, amp
abertura ocular espontânea, AOE
avaliação dos pacientes, AOP
antecedentes pessoais, AP
aparelho respiratório, AR
anestesia e cirurgia, ASC
assessoria de planejamento, ASSPLAN
angioplastia, ATC
acesso venoso central, avc
acidente vascular encefálico, AVE
acidente vascular encefálico isquêmico, AVEI
acidente vascular encefálico hemorrágico, AVEH
acesso venoso periférico, AVP
bloqueio atrioventricular, BAV
bloqueio átrio ventricular total, BAVT
broncopneumonia, BCP
bom estado geral, BEG
excesso de base, BE
balanço hídrico, BH
bomba de infusão contínua, BIC
bicarbonato, Bic
Positive Airway Pressure, BIPAP
bulhas normo fonéticas, BNF
batimento por minuto, bpm
bloqueio de ramo direito, BRD
bloqueio de ramo esquerdo, BRE
cálcio, Ca
câncer, CA
dialise peritoneal ambulatorial continua, CAPD
cateterismo, CAT
comunicação atrioventricular, CAV
consórcio brasileiro de acreditação, CBA
centro cirúrgico, CC
Comissão de Controle de Infecção Hospitalar, CCIH
cuidados gerais, CCGG
conduta, Cd
corpo estranho, CE
comissão de ética em enfermagem, CEE
comissão de ética médica, CEM
comissão de ética em pesquisa, CEP
complacência dinâmica, C.Din
complacência estática, CEST
concentrado de hemácias, CH
comunicação intra atrial, CIA
coagulação intravascular disseminada, CIVD
classificação internacional de doenças, CID
comissão interna de prevenção de acidentes, CIPA
comunicação interventricular, CIV
fração da enzima CPK, CKMB
centímetros, cm
comissão de residência médica, COREME
cuidados aos pacientes, COP
pressão positiva continua nas vias aéreas, CPAP
creatinina fosfoquinase, CPK
capacidade pulmonar total, CPT
creatinina, Cr
capacidade residual funcional, CRF
conselho regional de medicina, CRM
tomografia computadorizada, CT
capacidade vital, CV
cateter venoso central, CVC
cardioversão elétrica, CVE
circunflexa, CX
dia, d
diretoria administrativa financeira, DAF
débito cardíaco, DC
decúbito dorsal, DD
desmopressina, DDAVP
dependência de oxigênio, DepO2
drágea, dg
desidrogenase lática, DHL
dia de internação Hospitalar, DIH
diabetes insípidos, DI
diretoria geral, DG
duplo lúmen, DL
diretoria técnica assistencial, DTA
decilitro, dl
diabete mellitus, DM
decúbito lateral direito, DLD
decúbito lateral esquerdo, DLE
diálise peritoneal, DP
doença inflamatória pélvica, DIP
dia de pós-operatório, DPO
doença pulmonar obstrutiva crônica, DPOC
doença do refluxo gastroesofágico, DRGE
dreno de tórax, DT
decúbito ventral, DV
derivação ventricular externa, DVE
derivação ventricular peritoneal, DVP
eletrocardiograma, ECG
ecocardiograma, ECO
eletroencefalograma, EEG
exame físico, EF
endovenoso, EV
fibrilação atrial, FA
frequência cardíaca, FC
frasco, fco
fração inspiratória de oxigênio, FIO2
Ferida operatória, F.O.
gerenciamento e segurança das instalações, FMS
frequência respiratória, FR
hormônio folículoestimulante, FSH
fibrilação ventricular, FV
fistula arteriovenosa, FAV
gramas, g
gram positivo, G+
gram negativo, G-
gerencia de Enfermagem, GE
governo, liderança e direção, GLD
hora, h
água, H2O
hipertensão arterial sistêmica, HAS
hemoglobina, Hb
vírus da hepatite B, HBV
virus da hepatite C, HCV
história da doença atual, HDA
hemodiálise, HD
hemofiltração, HF
hemograma, HMG
hipertensão pulmonar, HP
histerectomia total abdominal, HTA
hematócrito, Htc
hemitórax direito, HTD
hemitórax esquerdo, HTE
histerectomia total via vaginal, HTV
hipertrofia ventricular direita, HVD
hipertrofia ventricular esquerda, HVE
infarto agudo do miocárdio, IAM
insuficiência cardíaca, IC
insuficiência cardíaca congestiva, ICC
intradérmica, ID
intramuscular, IM
metas internacionais de segurança do paciente, IPSG
insuficiência renal aguda, IRA
insuficiência respiratória aguda, IRpA
insuficiência renal crônica, IRC
Infecção do trato urinário, ITU
intravenoso, IV
joint commission international, JCI
potássio, K
quilograma, Kg
litro, L
liquido cefalorraquidiano, LCR
Litotripcia extracorpórea, L.E.C.O
lúpus eritematoso sistêmico, LES
Linfadenectomia, LFD
hormônio luteinizante, LH
metro, m
gerenciamento da comunicação e informação, MCI
miliequivalente, mEq
miligrama, mg
magnésio, Mg
minuto, min
mililitro, ml
membro inferior direito, MID
membro inferior esquerdo, MIE
milímetro, mm
milímetros de mercúrio, mmHg
membros inferiores, MMII
membros superiores, MMSS
gerenciamento e uso de medicamentos, MMU
marcapasso, MP
membro superior direito, MSD
membro superior esquerdo, MSE
murmúrio vesicular presente, MV+
sódio, Na
Núcleo de Educação Permanente, NEP
nutrição parenteral parcial, NPP
nutrição parenteral total, NPT
oxido nítrico, NO
olho direito, OD
Olho Esquerdo, OE
organização procura de órgãos, OPO
pulso, P
pressão arterial, PA
pressão alveolar de oxigênio, PAO2
pressão arterial de oxigênio, PaO2
pressão arterial média, PAM
pressão da artéria pulmonar, PAP
pressão arterial diastólica, PAD
pressão arterial sistólica, PAS
prevenção e controle de infecções, PCI
pressão parcial de gás carbônico, PCO2
parada cárdio respiratória, PCR
pressão positiva expiratória final, PEEP
potencial de hidrogênio, pH
ventilação com pressão controlada, PCV
educação de pacientes e familiares, PFE
direito dos pacientes e familiares, PFR
pressão intracraniana, PIC
pressão de pico inspiratório, PIP
punção lombar, PL
pneumonia, PNM
pós-operatório imediato, POI
pós-operatório tardio, POT
pronto-socorro, PS
antígeno prostático especifico total, PSAT
antígeno prostático especifico livre, PSAL
ventilação com pressão de suporte, PSV
prostatectomia suprapúbica, PTV
pressão venosa central, PVC
complexo QRS do eletrocardiograma, QRS
queixa principal, QP
melhoria da qualidade e segurança do paciente, QPS
intervalo QT do eletrocardiograma, QT
ruídos adventícios, RA
ritmo cardíaco irregular, RCI
ritmo cardíaco regular, RCR
reoperação, REOP
regular estado geral, REG
ruído hidroaéreo, RHA
ritmo juncional, RJ
ressonância nuclear magnética, RNM
recuperação pósanestésica, RPA
ringer lactato, RL
respiração por minuto, rpm
ritmo sinusal, RS
ressecção transuretal, RTU
raios X, RX
serviço de arquivo médico e estatístico, SAME
síndrome da angústia respiratória aguda, SARA
subcutânea, SC
segundo, seg
secretaria de saúde do estado, SESAPI
soro fisiológico, SF
soro glicosado, SG
segundo informações colhidas, SIC
ventilação mandatória intermitente sincronizada, SIMV
sublingual, SL
sistema nervoso central, SNC
sonda nasogástrica, SNG
se necessário, s/n
sonda nasoenteral, SNE
sonda orogástrica, SOG
educação e qualificação de profissionais, SQE
saturação percutânea de oxigênio, SpO2
sondagem vesical de alivio, SVA
sondagem vesical de demora, SVD
sinais vitais, SSVV
temperatura axilar, Tax
tempo inspiratório, TI
tubo oro traqueal, TOT
Tempo de atividade da protrombina, TAP
tuberculose, TB
tempo de coagulação, TC
traumatismo cranioencefalico, TCE
tromboembolismo pulmonar, TEP
transaminase glutamicooxalacetica, TGO
transaminase glutamicopiruvica, TGP
toque retal, TR
tempo de sangramento, TS
taquicardia ventricular, TV
trombose venosa profunda, TVP
tempo de tromboplastina parcial ativado, TTPA
hormônio estimulante da tireóide, TSH
transplante, Tx
tumor, TU
triiodotironina, T3
tiroxina, T4
unidade, U
ultrafiltração, UF
unidades internacionais, UI
uréia, Ur
ultra-sonografia, US
unidade de terapia intensiva, UTI
ventilação mecânica, VM
vias aéreas superiores, VAS
volume corrente, VC
ventilação controlada a volume, VCV
ventrículo direito, VD
ventrículo esquerdo, VE
veia jugular direita, VJD
veia jugular esquerda, VJE
volume minuto, VMin
ventilação mecânica não invasiva, VNI
via oral, VO
ventilação com pressão positiva, VPP
volume residual, VR
volume sistólico, VS
veia subclávia direita, VSCD
veia subclávia esquerda, VSCE
Artéria cerebral anterior, ACA
Artéria carótida comum, ACC
Artéria carótida externa, ACE
Artéria carótida interna, ACI
Artéria cerebral média, ACM
Artéria cerebral posterior, ACP
Artéria comunicante anterior, ACoA
Artéria comunicante posterior, ACoP
Akaike information criterion, AIC
Acidente isquémico transitório, AIT
Angio ressonância magnética, Angio RM
Artéria aorta, Ao
Tromboplastina parcial ativada, APTT
Percentagem de risco atribuível, ARP
Acidente vascular cerebral, AVC
Bayseian information criterion, BIC
Comunidade Europeia, CE
Cardiopatias potencialmente embólicas, CPE
Células musculares lisas, CML
Direção Geral de Saúde, DGS
Diabetes mellitus, DM
Acido desoxoribonucleico, DNA
Doppler transcraneano, DTC
Enfarte agudo do miocárdio, EAM
Eletrocardiograma, ECG
European Carotid Surgry Trial, ECST
Eletroencefalograma, EEG
European Stroke Organization, ESO
Ecocardiograma transesofágico, ETE
Ecocardiograma transtorácico, ETT
Estados Unidos da América, EUA
European Stroke Initiative, EUSI
Fibrilhação auricular, FA
Frequência de emissão, FE
Frequência de recepção, FR
Frequência de repetição de pulso, FRP
Hipótese, H
Lipoproteínas de alta densidade, HDL
Hospital Espírito Santo - Évora, HESE
Hipertensão arterial, HTA
Intervalo de confiança, IC
Índice intima média, IIM
Razão normalizada internacional, INR
Associação Internacional de Epidemiologia, IEA
Kilohertz, KHz
Lipoproteínas de baixa densidade, LDL
Laboratório de Ultrassonografia Cardíaca e Neurovascular, LUSCAN
sinais microembólicos, MES
Miligramas por decilitro, mg/dl
Milímetros de mercúrio, mmHg
Milimole por litro, mmol/l
Milímetros por segundo, ms
North American Symptomatic Carotid Endarterectomy Trial, NASCET
Oxigénio, O2
Oxforshire Communty Stroke Project, OCSP
Organização Mundial de Saúde, OMS
Odds ratio, OR
Pressão arterial, PA
Pressão arterial diastólica, PAD
Percentagem de população de risco atribuível, PARP
Pressão arterial sistólica, PAS
Proteina C-reativa, PCR
Proporcional hazard assumption test, Phtest
Estimador do produto limite, PL
Pesquisa, Desenvolvimento e Inovação, PDI
Anos de qualidade de vida ajustados, QALY
Índice intima-média, IIM
Índice de pulsatilidade, IP
Índice de resistência, IR
Ressonância magnética crânio-encefálica, RM CE
Ressonância magnética funcional, RMf
Receiver operator characteristic, ROC
Sinal de artéria hiperdensa, SAH
Follow up de stent, SFU
Sistema nervoso central, SNC
Sociedade Portuguesa de AVC, SPA
Statistical Package for the Social Siences, SPSS
Statistic Data Analysis, STATA
Tempo, T
Tomografia axial computorizada crânio-encefálica, TAC CE
Tomografia computadorizada, TC
Tecnologia da informação, TI
Trial of Org 10172 in Acute Stroke Treatment, TOAST
Triplex scan cervical, TSC
Triplex scan transcraneano, TST
Unidades de Hounsfield, UH
Ultra-sons, US
Ventrículo esquerdo, VE
Lipoproteínas de muito baixa densidade, VLDL
Audiometría, AU
Análisis de orina, AO
Artroscopia, AR
Análisis de semen, AS
Angiografía, AG
Anestesiología, AN
Arteriografía, AT
Amniocentesis, AM
Aterectomía, AE
Antibiograma, AB
Autopsia, AU
Aplicación de botox, AB
Agonista de hormona liberadora de gonadotropina, AH
Anticuerpo antitiroideo, AA
Aspiración de médula ósea, AMO
Angioplastia, AP
Asistencia ventilatoria, AV
Anticoagulante, AN
Audiografía, AD
Aspiración de ganglio linfático, AGL
Antígeno prostático específico, APE
Asistencia mecánica circulatoria, AMC
Adenoidectomía, AD
Artroplastia, ART
Analítica, AN
Audiometría, AUD
Aspirado bronquial, AB
Artroscopia, ART
Anticuerpos, AC
Arteriografía, AG
Amniocentesis, AMN
Anestesia, ANEST
Autopsia, AUT
Aortografía, AO
Apgar, APGAR
Angiografía, ANG
Audiología, AUL
Arteriografía, AR
Adenotomía, ADT
Ateroma, ATM
Antígeno prostático específico, APE
Amilasa, AMI
Biopsia, BI
Banco de sangre, BS
Bioimpedancia eléctrica, BE
Bronquioscopia, BQ
Bradioterapia, BR
Betabloqueante, BB
Bloqueo de nervios periféricos, BNP
Balón de contrapulsación, BC
Bacteriología, BA
Broncodilatador, BD
Bacteriuria, BU
Bandas oligoclonales, BO
Bloqueo neuromuscular, BNM
Bicarbonato, BCO
Biofeedback, BIO
Bypass aortocoronario, BAC
Bromuro de ipratropio, BRI
Broncograma, BRO
Bisturí de aire, BAI
Broncoaspirado, BRAS
Broncoalveolar, BRAL
Banda gástrica ajustable, BGA
Broncoscopio, BRSCO
Bleomicina, BL
Biopsia, BIO
Broncoscopia, BRO
Bilirrubina, BIL
Bronquiolitis, BRON
Baciloscopia, BAC
Bromsulftaleína, BSP
Beta-hCG, BHCG
Biometría hemática, BH
Bacteriología, BAC
Broncografía, BG
Bazo, BAZ
Biopsia de mama, BIO-M
Basófilos, BAS
Bence Jones, BJ
Bilirrubinemia, BILIR
Bicarbonato, HCO3
Bleomicina, BLEO
Bypass gástrico, BYP
Broncodilatador, BD
Colposcopia, CP
Cultivo de tejidos, CT
Citología, CI
Colecistografía, CG
Cistoscopia, CI
Cromatografía, CR
Capsulotomía, CAP
Colangiopancreatografía retrógrada endoscópica, CPRE
Corticosteroide, CS
Cistouretrografía miccional, CM
Clonidina, CL
Cefalometría, CEF
Calorimetría indirecta, CI
Colecistectomía, CE
Células atípicas, CAT
Cromosoma, CRO
Citometría, CIM
Cirugía bariátrica, CIB
Carcinoma, CAR
Citrulina, CIT
Conización, CO
Citogenética, CGE
Catéter, CAT
Citología, CITO
Colposcopia, COLPO
Creatinina, CREA
Cistografía, CIS
Coagulograma, COAG
Cultivo, CUL
Calcio, CA
Cefalometría, CEF
Cardiología, CARD
Cateterismo, CAT
Colonoscopia, COL
Creatina cinasa, CK
Clamidia, CLAM
Colecistografía, COC
Colecistectomía, CE
Colangiopancreatografía retrógrada endoscópica, CPRE
Carcinoembrionario, CEA
Carboxihemoglobina, COHb
Carotidografía, CARO
Cromosomas, CROM
Diálisis, DI
Detección de VIH, DV
Detección precoz de cáncer de mama, DM
Desfibrilador, DE
Doppler, DO
Dosimetría, DS
Dilatación y curetaje, DyC
Detección de enfermedades autoinmunitarias, DEA
Densitometría, DEN
Doble contraste, DC
Drenaje de absceso, DA
Debridamiento, DEB
Descompresión vertebral, DV
Drenaje biliar, DB
Deformidad en valgo, DEV
Diatermia, DIAT
Dispositivo intrauterino, DIU
Diagnóstico por imagen, DPI
Dióxido de carbono, CO2
Difusión de gases, DFG
Dilatación de los bronquios, DBR
Drenaje de tórax, DT
Depilación láser, DL
Doppler, DOP
Densitometría, DEN
Detección precoz del cáncer de mama, DPCM
Dextrosa, DEX
Diferencial, DIF
Dacriocistografía, DAC
Dacriocistorrinostomía, DCR
Doble contraste, DC
Drenaje linfático, DL
Dosaje hormonal, DH
Diálisis, DIA
Desbridamiento, DES
Drenaje pleural, DP
Disfagia, DIS
Diatermia, DIAT
Diagnóstico prenatal, DPN
Deficiencia de hierro, DHIER
Distrofia muscular, DM
Descompresión medular, DESM
Difusión pulmonar, DIFP
Endoscopia, EN
Ecografía, ECO
Electromiografía, EMG
Electrolitos, EL
Enucleación, ENU
Embolización, EMB
Espectroscopia, ESP
Estenosis, EST
Estimulación magnética transcraneal, EMT
Electrococleografía, ECG
Eritrocitos, ER
Endarterectomía, ED
Estudio de sueño, ES
Endoprótesis, EPR
Enema, ENE
Extracción de la vesícula biliar, EV
Elastografía, ELA
Electrocardiograma ambulatorio, ECA
Embarazo ectópico, EE
Extracción de cordal, EC
Enfermedad de transmisión sexual, ETS
Epilepsia, EPI
Eritema, ERI
Escleroterapia, ESCL
Endoscopia, ENDO
Electroforesis, ELEC
Estudios de coagulación, ESTCOAG
Espirometría, ESPI
Encefalitis, ENCEF
Embolización, EMBO
Elastografía, ELA
Enucleación, ENU
Estudios de función pulmonar, EFP
Electroestimulación, EEST
Esofagograma, ESO
Embarazo, EMB
Ecografía transvaginal, ETV
Excreción fraccionada de sodio, EFS
Endocrinología, ENDOCR
Ecografía doppler, EDOP
Enteroscopia, ENTERO
Estudio de líquido cefalorraquídeo, ELC
Electrooculografía, EOG
Fluoroscopia, FL
Fisioterapia, FT
Fibrobroncoscopia, FB
Fibroscopio, FSC
Fototerapia, FOT
Fístula, FIS
Flujo sanguíneo, FS
Farmacocinética, FA
Fractura, FRA
Fiebre del Nilo Occidental, FNO
Férula, FER
Fascitis plantar, FP
Fenitoína, FEN
Faringitis, FAR
Fenilcetonuria, FPN
Frotis, FRO
Fumador, FUM
Fibroadenoma, FIB
Fibromialgia, FM
Farmacología, FAR
Fibrinógeno, FIBR
Fenobarbital, FENO
Ferropénico, FER
Fibrobroncoscopia, FIBRO
Fondo de ojo, FDO
Fosfatasa alcalina, FA
Fluoroscopia, FLU
Función renal, FUNCREN
Fenilcetonuria, PKU
Fibroscopía, FIB
Fistulografía, FIST
Fibrinógeno, FIBRIN
Función hepática, FUNHEP
Fenobarbital, FENOB
Fructosamina, FRUCT
Faringolaringoscopia, FAR-LAR
Fisioterapia, FISIO
Ferritina, FERR
Función tiroidea, FUNTIRO
Flebografía, FLEBO
Fibrilación auricular, FAU
Frotis de Papanicolaou, PAP
Gastroscopia, GS
Genograma, GEN
Gammagrafía, GG
Gastroenterología, GE
Ginecomastia, GIN
Gases arteriales, GA
Ginecología, GI
Ganglio centinela, GC
Glucemia, GL
Gastrointestinal, GSI
Ganglio, GAN
Gastroscopia, GAS
Gasometría, GASO
Glucemia, GLU
Gammagrafía, GAM
Gonadotropina coriónica, GCH
Ginecología, GINEC
Gram, GRAM
Gammagrafía ósea, GAMOS
Gastrostomía, GASTRO
Genotipificación, GEN
Glicoproteína ácida, GPA
Glicemia posprandial, GLUPP
Gammagrafía cerebral, GAMCER
Gammagrafía renal, GAMREN
Glomerulonefritis, GLONEF
Genética, GENET
Glomerulonefritis postinfecciosa, GLONEFPOS
Glucocorticoides, GLUCO
Genioplastia, GENIO
Hemograma, HEMO
Hemodiálisis, HEMOD
Holter, HOLTER
Histerosalpingografía, HSG
Hepatitis, HEPAT
Hormona del crecimiento, HGH
Hemocultivo, HEMOCUL
Hemodinamia, HEMODIN
Hematuria, HEMATU
Hemoglobina glicosilada, HBA1C
Hemofilia, HEMOF
Hipertensión, HTA
Histamina, HIS
Hiperparatiroidismo, HIPERPAR
Hiperlipidemia, HIPLIP
Hemocromatosis, HEMOCROM
Hematología, HEMATO
Hematoma, HEMATOM
Hemorragia, HEMORR
Inmunoglobulina, IG
Inmunología, INMU
Insulina, INS
Ictericia, ICT
Inductancia esofágica, IE
Imágenes por resonancia magnética, IRM
Interferón, IFN
Inducción de la ovulación, IO
Indicador de masa corporal, IMC
Inseminación artificial, IA
Infección urinaria, IU
Intestinografía, INTEST
Intubación endotraqueal, INTUB
Insuficiencia cardíaca, IC
Intususcepción, INTUS
Injerto de piel, INJERTO
Infiltración articular, INFIL
Incontinencia urinaria, INCUR
Inserción de catéter, INSCAT
Jaqueca, JAQ
Junta médica, JMED
Juego de pruebas, JUEGO
Jeringuilla, JERI
Juego de células, JCEL
Jugos gástricos, JUGO
Juicio de paternidad, JPAT
Juego de química, JQUIM
Juego de agujas, JAGU
Juego de instrumentos, JINST
Juego de tubos, JTUB
Jugos pancreáticos, JUPAN
Jugos intestinales, JUIN
Juego de biopsias, JBIOP
Juego de suturas, JSUT
Juego de electrodos, JELEC
Juego de catéteres, JCAT
Juego de tijeras, JTJER
Juego de plásticos, JPLAS
Jugos biliares, JUBIL
Kinesiología, KINE
Ketonas, KETO
Kinesioterapia, KINESIO
Ketosteroides, KETS
Kalemia, KAL
Kinasa, KINASA
Karyograma, KARYO
Keratina, KERAT
Kinina, KINA
Klotz, KLOTZ
Kilovoltaje, KV
Kinescopía, KINESC
Kinesimetría, KINESIM
Kinesitron, KINESITRON
Kilocalorías, KCAL
Kilogramo, KG
Kinesia, KINESIA
Ketonuria, KETON
Kleihauer-Betke, KLB
Kinesiografía, KINESIG
Laparoscopía, LAP
Lactato deshidrogenasa, LDH
Leucocitos, LEUC
Líquido cefalorraquídeo, LCR
Linfoma, LINFO
Laringoscopía, LAR
Litotricia, LIT
Lumbalgia, LUMB
Lactancia materna, LACT
Lóbulo, LOB
Lumbosacra, LUMBO
Lágrimas, LAG
Lepra, LEPRA
Leucemia, LEUCEM
Litiasis renal, LITREN
Lipoescultura, LIPO
Lupus, LUPUS
Lumbalgia crónica, LUMBCH
Laringitis, LARIN
Labio leporino, LAB
Microscopía, MICRO
Metástasis, METAS
Mielograma, MIELO
Meningitis, MENIN
Miocardio, MIOCAR
Magnetoterapia, MAGNETO
Manometría, MANO
Melanoma, MELAN
Masa abdominal, MASSAB
Mastectomía, MAST
Metrorragia, METROR
Micción, MICC
Mononucleosis, MONO
Miositis, MIOS
Melena, MELE
Morfina, MORF
Miastenia, MIAST
Macroglobulinemia de Waldenström, MACRO
Mucosa, MUCO
Meningococo, MENING
Neurología, NEURO
Neumonía, NEUMO
Nefritis, NEFRI
Narcolepsia, NARC
Neuritis, NEUR
Neuropatía, NEUP
Nitrógeno ureico, NITRO
Nefrosis, NEFRO
Nistagmo, NIST
Nebulización, NEBUL
Neoplasia, NEOPL
Nicturia, NICT
Nefrotomografía, NEFTOM
Neumotórax, NEUMOT
Nitratos, NITR
Nariz, NAR
Neumología, NEUMOL
Nitritos, NITRI
Nerviosismo, NERV
Náuseas, NAU
Ortopedia, ORTOP
Oftalmología, OFTAL
Obesidad, OBES
Oliguria, OLIG
Orina, ORINA
Orquitis, ORQU
Otología, OTO
Ovario, OVAR
Osteoporosis, OSTEO
Osteomielitis, OSTEOM
Otoscopia, OTOSC
Oclusión, OCLU
Oxígeno, OXI
Oncología, ONCO
Odontología, ODON
Ondas de choque, ONDACH
Orina 24 horas, ORINA24
Ortesis, ORT
Osteotomía, OSTEO
Oligozoospermia, OLIGOZ
Pediatría, PEDIA
Psicología, PSICO
Páncreas, PANC
Palpitaciones, PALP
Próstata, PROST
Parálisis, PARAL
Piel, PIEL
Pus, PUS
Presión arterial, PRES
Pleura, PLEU
Paladar hendido, PALAHEN
Prolapso, PROL
Prostatitis, PROSTAT
Plasma, PLAS
Papanicolau, PAPA
Pélvico, PELVI
Poliomielitis, POLIO
Poliglobulia, POLIG
Paratiroides, PARAT
Picadura de insecto, PIC
Quemaduras, QUEM
Quimioterapia, QUIM
Quiste, QUIST
Queratitis, QUERAT
Quilotórax, QUILOT
Quinasa creatinina, QUINCR
Quinasa MB, QUINMB
Quinasa, QUIN
Quinina, QUININ
Quinolonas, QUINOL
Quiste de Bartholin, QUISTB
Quiste de ovario, QUISTO
Quistes sebáceos, QUISTSEB
Quiste sinovial, QUISTSI
Quemosis, QUEMO
Queloides, QUELO
Queratoplastia, QUERATOPL
Queratotomía, QUERATOT
Quilotomía, QUILOTOT
Quiste dentígero, QUISTD
Quiste de Baker, QUISTB
Radiografía, RX
Resonancia magnética, RM
Radioterapia, RAD
Ruptura, RUPT
Reflujo gastroesofágico, RGE
Regurgitación, REGUR
Retina, RET
Riñón, RIN
Ronchas, RONC
Rinitis, RINIT
Rinoplastia, RINOPL
Rabia, RAB
Raynaud, RAYN
Rectorragia, RECTORR
Recto, RECTO
Reducción, REDUCC
Reeducación, REEDUC
Reumatología, REUMA
Reproducción asistida, REPROD
Revascularización, REVAS
Sangre, SANG
Sistema nervioso, SISTN
Sistema respiratorio, SISTRES
Sistema circulatorio, SISTCIR
Sistema inmunitario, SISTINM
Sistema endocrino, SISTEND
Sistema linfático, SISTLIN
Síndrome de Down, SINDROMED
Síndrome de Guillain-Barré, SINDROMEG
Síndrome de inmunodeficiencia adquirida, SINDROMEI
Síndrome de ovario poliquístico, SINDROMEO
Síndrome de Turner, SINDROMET
Sudor, SUDOR
Sangrado, SANGR
Sialolitiasis, SIALO
Sialoadenitis, SIALOAD
Sigmoidoscopia, SIGMO
Síncope, SINC
Sífilis, SIFIL
Sistitis, SISTIT
Tomografía, TAC
Tumor, TUM
Trasplante, TRASPL
Triglicéridos, TRIGL
Tiroides, TIRO
Testículo, TEST
Terapia ocupacional, TEROC
Terapia intensiva, TERINT
Tendinitis, TEND
Tinnitus, TINN
Traumatología, TRAUM
Trastorno bipolar, TRASBIP
Trastorno de ansiedad, TRASANS
Trastorno obsesivo-compulsivo, TRASOC
Trombosis, TROMB
Tricomoniasis, TRICOM
Trasudado, TRASU
Toracocentesis, TORAC
Tiempo de protrombina, TP
TAC cerebral, TACCER
Uretra, URET
Ureter, URET
Urografía, UROG
Urología, UROL
Ultrasonido, ULTRA
Úlcera, ULC
Uña encarnada, UÑA
Urticaria, URTIC
Uropatía obstructiva, UROPATO
Útero, UTER
Uveítis, UVEITIS
Uremia, UREM
Uveítis anterior, UVEAN
Úlcera varicosa, ULCVAR
Urticaria crónica, URTICCR
Uroanálisis, UROA
Urolitiasis, UROLIT
Uveítis posterior, UVEPO
Unidad de Cuidados Intensivos, UCI
Vacuna, VAC
Vesícula biliar, VESIB
Vagina, VAG
Virus, VIR
Vértigo, VERT
Venas, VEN
Venoclisis, VENOCL
Vasculitis, VASCUL
Vasectomía, VASECT
Vasos sanguíneos, VASOS
Vasoconstricción, VASOCON
Vasodilatación, VASODIL
Varicela, VARIC
Varices, VAR
Vasculopatía periférica, VASCUPER
Vasculopatía cerebral, VASCUCER
Ventilación mecánica, VENTMEC
Ventriculografía, VENTR
Vaginitis, VAGIN
Volumen corpuscular medio, VCM
Willebrand enfermedad de, WILL
Walleriana degeneración, WALL
West síndrome de, WEST
Widal prueba de, WIDAL
Xerodermia pigmentosa, XEROP
Xantelasma, XANTEL
Xantomatosis, XANTOM
Xifoides apófisis, XIFOID
Yersinia, YERS
Yodo prueba de, YODO
Zoster herpes, ZOST
Zoonosis, ZOON
Zumbido, ZUMB
Zonalidad, ZONAL
Zinc, ZINC
Zygoma fractura de, ZYG
Zoonosis, ZOON
Zygophysis fractura de, ZYGOP
Zoopsia, ZOOP
Zoonosis, ZOON
